Title,Media,Pile,Tags,RelativePath,Where,Source
1798 Map,Image,1700s_Maps,,1700s_Maps/Map_PlanofBerlinandSurrounds_1798.png,https://drive.google.com/drive/folders/16YD6VSEWtTcZTWEsmkZzzBtV2EBKXr5h?usp=sharing,
1743 Map,Image,1700s_Maps,,1700s_Maps/Map_Tiergarten_Berlin_1743.jpeg,https://drive.google.com/drive/folders/16YD6VSEWtTcZTWEsmkZzzBtV2EBKXr5h?usp=sharing,
1885 Berlin Map,Image,1800s_Maps,,1800s_Maps/Berlin_1885.jpeg,https://drive.google.com/drive/folders/1UGuFbxhQM0ltC71BDio95-1aH7IL_79t?usp=sharing,
1802 Berlin Map,Image,1800s_Maps,,1800s_Maps/Map_PlanofBerlinAndSurrounds_1802.jpeg,https://drive.google.com/drive/folders/1UGuFbxhQM0ltC71BDio95-1aH7IL_79t?usp=sharing,
1920 Berlin,Image,1900s_Maps,,1900s_Maps/berlin_1920.jpeg,https://drive.google.com/drive/folders/1d6F0rdO2yKurPvrorqft9w0_1j3voeCh?usp=sharing,
Divided Berlin,Image,1900s_Maps,,1900s_Maps/berlin_divided.jpeg,https://drive.google.com/drive/folders/1d6F0rdO2yKurPvrorqft9w0_1j3voeCh?usp=sharing,
Transport Berlin early 1900s,Image,1900s_Maps,,1900s_Maps/Berlin_Transport_1910_1936.png,https://drive.google.com/drive/folders/1d6F0rdO2yKurPvrorqft9w0_1j3voeCh?usp=sharing,
NY times - architecture,Link,Architecture,,Architecture/NYTimes_MysteriousDwellingsHiddenAmidtheTrees.html,https://drive.google.com/drive/folders/1d6F0rdO2yKurPvrorqft9w0_1j3voeCh?usp=sharing,
NY times - image,Image,Architecture,,Architecture/NYTimes_MysteriousDwellingsHiddenAmidtheTrees.png,https://drive.google.com/drive/folders/1d6F0rdO2yKurPvrorqft9w0_1j3voeCh?usp=sharing,
Cover - Death in the Tiergarten ,Image,Books_Fiction,,Books_Fiction/CarterHett_DeathintheTiergarten.png,https://drive.google.com/drive/folders/1W3bAfVFPbvgeDu4TFiFC6K4MRdmY-aZV?usp=sharing,
Book - Death in the Tiergarten,Link,Books_Fiction,,Books_Fiction/CarterHett_Death_in_the_Tiergarten.html,https://drive.google.com/drive/folders/1W3bAfVFPbvgeDu4TFiFC6K4MRdmY-aZV?usp=sharing,
Cover - The Tiergarten Tales,Image,Books_Fiction,,Books_Fiction/Grossi_TheTiergartenTales.png,https://drive.google.com/drive/folders/1W3bAfVFPbvgeDu4TFiFC6K4MRdmY-aZV?usp=sharing,
Book - The Tiergarten Tales,Link,Books_Fiction,,Books_Fiction/Grossi_TheTiergartenTales.html,https://drive.google.com/drive/folders/1W3bAfVFPbvgeDu4TFiFC6K4MRdmY-aZV?usp=sharing,
Godshall - A Story of Combat in the ColdWar,Link,Books_Historical ,,Books_Historical/Godshall_Der Tiergarten_ AStoryofCombatintheColdWar.html,https://drive.google.com/drive/folders/1GiUNiuPOlSxuufNEqJ8Tb69_YSYUnwfr?usp=sharing,
Hessel - Walking In Berlin,PDF,Books_Historical ,,Books_Historical/Hessel_WalkingInBerlin_FlaneurInTheCapital.pdf,https://drive.google.com/drive/folders/1GiUNiuPOlSxuufNEqJ8Tb69_YSYUnwfr?usp=sharing,
Cover - Walking In Berlin,Image,Books_Historical ,,Books_Historical/Hessel_WalkingInBerlin.png,https://drive.google.com/drive/folders/1GiUNiuPOlSxuufNEqJ8Tb69_YSYUnwfr?usp=sharing,
Cover - The Devils Inner Circle,Image,Books_Historical ,,Books_Historical/Read_TheDevilsInnerCircle_Cover.png,https://drive.google.com/drive/folders/1GiUNiuPOlSxuufNEqJ8Tb69_YSYUnwfr?usp=sharing,
Book - The Devils Inner Circle,Link,Books_Historical ,,Books_Historical/Read_TheDevilsInnerCircle.html,https://drive.google.com/drive/folders/1GiUNiuPOlSxuufNEqJ8Tb69_YSYUnwfr?usp=sharing,
Exerpt - The Devils Inner Circle,Image,Books_Historical ,,Books_Historical/Read_TiergartenExerpt.png,https://drive.google.com/drive/folders/1GiUNiuPOlSxuufNEqJ8Tb69_YSYUnwfr?usp=sharing,
Sweeny - Blue In The Tiergarten,PDF,Books_Historical ,,Books_Historical/Sweeny_BlueInTheTiergarten.pdf,https://drive.google.com/drive/folders/1GiUNiuPOlSxuufNEqJ8Tb69_YSYUnwfr?usp=sharing,
Sweeny - Blue In The Tiergarten,Image,Books_Historical ,,Books_Historical/Sweeny_BlueInTheTiergarten.png,https://drive.google.com/drive/folders/1GiUNiuPOlSxuufNEqJ8Tb69_YSYUnwfr?usp=sharing,
Walser - Berlin Stories,Image,Books_Historical ,,Books_Historical/Walser_BerlinStories_1905.png,https://drive.google.com/drive/folders/1GiUNiuPOlSxuufNEqJ8Tb69_YSYUnwfr?usp=sharing,
Walser - Berlin Stories,PDF,Books_Historical ,,Books_Historical/Walser_BerlinStories.pdf,https://drive.google.com/drive/folders/1GiUNiuPOlSxuufNEqJ8Tb69_YSYUnwfr?usp=sharing,
Foto from website 01,Image,BotanicalGardens,,BotanicalGardens/BotanicalGarden_01.jpg,https://drive.google.com/drive/folders/1mdWTO-DO0EPPNMygPY4Vp46BF-kNA9YU?usp=sharing,
Foto from website 02,Image,BotanicalGardens,,BotanicalGardens/BotanicalGarden_02.jpg,https://drive.google.com/drive/folders/1mdWTO-DO0EPPNMygPY4Vp46BF-kNA9YU?usp=sharing,
Foto from website 03,Image,BotanicalGardens,,BotanicalGardens/BotanicalGarden_03.jpg,https://drive.google.com/drive/folders/1mdWTO-DO0EPPNMygPY4Vp46BF-kNA9YU?usp=sharing,
Foto from website 04,Image,BotanicalGardens,,BotanicalGardens/BotanicalGarden_04.jpg,https://drive.google.com/drive/folders/1mdWTO-DO0EPPNMygPY4Vp46BF-kNA9YU?usp=sharing,
Foto from website 05,Image,BotanicalGardens,,BotanicalGardens/BotanicalGarden_05.jpg,https://drive.google.com/drive/folders/1mdWTO-DO0EPPNMygPY4Vp46BF-kNA9YU?usp=sharing,
Botanical Garden - Post Stamp,Image,BotanicalGardens,,BotanicalGardens/BotanicalGardenPostStamp.jpg,https://drive.google.com/drive/folders/1mdWTO-DO0EPPNMygPY4Vp46BF-kNA9YU?usp=sharing,
1818 Brandenburg Gate,Image,BrandenburgGate,,BrandenburgGate/Calau_Vorplatz_am_Brandenburger_1818.jpeg,https://drive.google.com/drive/folders/1soxSaJeELsJICO0NbHST0OsMrJglj0uE?usp=sharing,
1950s tool,Image,Bureaucracy,,Bureaucracy/1950s_ExtinguishingCradle.png,https://drive.google.com/drive/folders/17_m1PSZ0PBNdHrf2NW6zCUGfYE-7BbGi?usp=sharing,
AverageTemperature,Image,Climate_Information,,Climate_Information/AverageTemperature.png,https://drive.google.com/drive/folders/11ef91rK62H4qZRoX8fR3lrOuSkq8cYCW?usp=sharing,
CummulativeRadiation,Image,Climate_Information,,Climate_Information/CummulativeRadiation.png,https://drive.google.com/drive/folders/11ef91rK62H4qZRoX8fR3lrOuSkq8cYCW?usp=sharing,
DegreeDays,Image,Climate_Information,,Climate_Information/DegreeDays.png,https://drive.google.com/drive/folders/11ef91rK62H4qZRoX8fR3lrOuSkq8cYCW?usp=sharing,
RadiationFacade,Image,Climate_Information,,Climate_Information/RadiationFacade.png,https://drive.google.com/drive/folders/11ef91rK62H4qZRoX8fR3lrOuSkq8cYCW?usp=sharing,
WindPower,Image,Climate_Information,,Climate_Information/WindPower.png,https://drive.google.com/drive/folders/11ef91rK62H4qZRoX8fR3lrOuSkq8cYCW?usp=sharing,
WindRose,Image,Climate_Information,,Climate_Information/WindRose.png,https://drive.google.com/drive/folders/11ef91rK62H4qZRoX8fR3lrOuSkq8cYCW?usp=sharing,
Christo - WrappedReichstag,Image,Contemporary_Art,,Contemporary_Art/Christo_WrappedReichstag_1993.jpg,https://drive.google.com/drive/folders/1B44u_6tBKOZ8jQaA6N2yVTWyAfkWxwjI?usp=sharing,
Corinth - BirchTreesintheTiergarten,Image,Contemporary_Art,,Contemporary_Art/Corinth_BirchTreesintheTiergarten_1920.jpeg,https://drive.google.com/drive/folders/1B44u_6tBKOZ8jQaA6N2yVTWyAfkWxwjI?usp=sharing,
Corinth - Trees with the Sun,Image,Contemporary_Art,,Contemporary_Art/Corinth_TreeswiththeSun_1920.jpeg,https://drive.google.com/drive/folders/1B44u_6tBKOZ8jQaA6N2yVTWyAfkWxwjI?usp=sharing,
Knorr - TiergartenConstant,Image,Contemporary_Art,,Contemporary_Art/DanielKnorrTiergartenConstant_2016.png,https://drive.google.com/drive/folders/1B44u_6tBKOZ8jQaA6N2yVTWyAfkWxwjI?usp=sharing,
Gaines - Numbers And Trees,Image,Contemporary_Art,,Contemporary_Art/Gaines_NumbersAndTreesTiergartenSeriesIITree_2018.png,https://drive.google.com/drive/folders/1B44u_6tBKOZ8jQaA6N2yVTWyAfkWxwjI?usp=sharing,
PeterHerrmann - Frühlingserwachen,Image,Contemporary_Art,,Contemporary_Art/PeterHerrmann_Frühlingserwachen2010.jpg,https://drive.google.com/drive/folders/1B44u_6tBKOZ8jQaA6N2yVTWyAfkWxwjI?usp=sharing,
BotanicalGarden Map,Image,Contemporary_Maps,,Contemporary_Maps/BDGM_BotanicalGardenMap.png,https://drive.google.com/drive/folders/17nruysHUPtSxPj6G4tynG5jAA7Ve88vP?usp=sharing,
Berlin Marathon Route,Image,Contemporary_Maps,,Contemporary_Maps/BerlinMarathonRoute.png,https://drive.google.com/drive/folders/17nruysHUPtSxPj6G4tynG5jAA7Ve88vP?usp=sharing,
Tiergarten Running Map,Image,Contemporary_Maps,,Contemporary_Maps/TiergartenRunningMap.png,https://drive.google.com/drive/folders/17nruysHUPtSxPj6G4tynG5jAA7Ve88vP?usp=sharing,
Botanical Garden Schedule,Image,Current_Schedules,,Current_Schedules/BDGM_BotanicalGardenSchedule_2021.png,https://drive.google.com/drive/folders/1p_aKFKSXZxC-CTL1oUrhroym2eZWGup3?usp=sharing,
Flower Laying  Schedule - Sinti Roma Memorial,Image,Current_Schedules,,Current_Schedules/Routine_Laying_of_Flower_on_Sinti_and_Roma_Memorial_2021.png,https://drive.google.com/drive/folders/1p_aKFKSXZxC-CTL1oUrhroym2eZWGup3?usp=sharing,
Chodowiecki 1780,Image,Drawings_Paintings,,Drawings_Paintings/1024px-Gesellschaft_im_Tiergarten_Daniel_Chodowiecki_1780.jpeg,https://drive.google.com/drive/folders/1K7sDVQzSzzrFtsZCDoupjZrgQfB1Y28u?usp=sharing,
Eislauf 1820,Image,Drawings_Paintings,,Drawings_Paintings/1280px-Eislauf_auf_dem_Porzellangraben_Stich_nach_Calau_um_1820.png,https://drive.google.com/drive/folders/1K7sDVQzSzzrFtsZCDoupjZrgQfB1Y28u?usp=sharing,
Hackert 1761,Image,Drawings_Paintings,,Drawings_Paintings/1920px-Hackert_Parklandschaft_mit_dem_Goldfischteich_im_Berliner_Tiergarten_1761.jpeg,https://drive.google.com/drive/folders/1K7sDVQzSzzrFtsZCDoupjZrgQfB1Y28u?usp=sharing,
Ansicht 1850,Image,Drawings_Paintings,,Drawings_Paintings/Ansicht_des_Neuen_Sees_Zeichnung_1850.jpg,https://drive.google.com/drive/folders/1K7sDVQzSzzrFtsZCDoupjZrgQfB1Y28u?usp=sharing,
Carl,Image,Drawings_Paintings,,Drawings_Paintings/Carl_Blechen_Im_Berliner_Tiergarten.jpeg,https://drive.google.com/drive/folders/1K7sDVQzSzzrFtsZCDoupjZrgQfB1Y28u?usp=sharing,
Chodowiecki 1772,Image,Drawings_Paintings,,Drawings_Paintings/Chodowiecki_Zelten_im_Tiergarten_1772.jpeg,https://drive.google.com/drive/folders/1K7sDVQzSzzrFtsZCDoupjZrgQfB1Y28u?usp=sharing,
Hackert 1760,Image,Drawings_Paintings,,Drawings_Paintings/Das_Venusbassin_im_Tiergarten_Philipp_Hackert_1760.jpeg,https://drive.google.com/drive/folders/1K7sDVQzSzzrFtsZCDoupjZrgQfB1Y28u?usp=sharing,
Hackert 1761,Image,Drawings_Paintings,,Drawings_Paintings/Die_Zelte_im_Tiergarten_Jakob_Philipp_Hackert_1761.jpeg,https://drive.google.com/drive/folders/1K7sDVQzSzzrFtsZCDoupjZrgQfB1Y28u?usp=sharing,
Hubertusbrunnen,Image,Drawings_Paintings,,Drawings_Paintings/Hubertusbrunnen-Berlin-Tiergarten.jpeg,https://drive.google.com/drive/folders/1K7sDVQzSzzrFtsZCDoupjZrgQfB1Y28u?usp=sharing,
Lesser Ury ,Image,Drawings_Paintings,,Drawings_Paintings/Lesser_Ury_Droschke_im_Tiergarten.jpeg,https://drive.google.com/drive/folders/1K7sDVQzSzzrFtsZCDoupjZrgQfB1Y28u?usp=sharing,
Lesser Ury ,Image,Drawings_Paintings,,Drawings_Paintings/Lesser_Ury_Partie_am_Neuen_See_im_Tiergarten.jpeg,https://drive.google.com/drive/folders/1K7sDVQzSzzrFtsZCDoupjZrgQfB1Y28u?usp=sharing,
Liebermann 1885,Image,Drawings_Paintings,,Drawings_Paintings/Max_Liebermann_Kinderspielplatz_1885.jpeg,https://drive.google.com/drive/folders/1K7sDVQzSzzrFtsZCDoupjZrgQfB1Y28u?usp=sharing,
Liebermann ,Image,Drawings_Paintings,,Drawings_Paintings/Max_Liebermann_Tiergarten.jpeg,https://drive.google.com/drive/folders/1K7sDVQzSzzrFtsZCDoupjZrgQfB1Y28u?usp=sharing,
Plinzner 1895,Image,Drawings_Paintings,,Drawings_Paintings/Plinzner_Am_Neuen_See_im_Berliner_1895.png,https://drive.google.com/drive/folders/1K7sDVQzSzzrFtsZCDoupjZrgQfB1Y28u?usp=sharing,
Müller 1800,Image,Drawings_Paintings,,Drawings_Paintings/Rousseau-Insel_im_Tiergarten_1800_Müller.jpeg,https://drive.google.com/drive/folders/1K7sDVQzSzzrFtsZCDoupjZrgQfB1Y28u?usp=sharing,
Schöneberger 1850.,Image,Drawings_Paintings,,Drawings_Paintings/Schöneberger_Wiesen_am_Tiergarten_1850.jpg,https://drive.google.com/drive/folders/1K7sDVQzSzzrFtsZCDoupjZrgQfB1Y28u?usp=sharing,
Stern von calau 1796,Image,Drawings_Paintings,,Drawings_Paintings/Tiergarten_Großer_Stern_von_Calau_1796.jpeg,https://drive.google.com/drive/folders/1K7sDVQzSzzrFtsZCDoupjZrgQfB1Y28u?usp=sharing,
Luiseninsel mit Luisenstein,Image,Drawings_Paintings,,Drawings_Paintings/Tiergarten_Luiseninsel_mit_Luisenstein.jpeg,https://drive.google.com/drive/folders/1K7sDVQzSzzrFtsZCDoupjZrgQfB1Y28u?usp=sharing,
Rousseau Insel 1800,Image,Drawings_Paintings,,Drawings_Paintings/Tiergarten_Rousseau_Insel_um_1800.jpeg,https://drive.google.com/drive/folders/1K7sDVQzSzzrFtsZCDoupjZrgQfB1Y28u?usp=sharing,
Calau 1818,Image,Drawings_Paintings,,Drawings_Paintings/Vorplatz_am_Brandenburger_1818_Calau.jpeg,https://drive.google.com/drive/folders/1K7sDVQzSzzrFtsZCDoupjZrgQfB1Y28u?usp=sharing,
BerlinEvenstsSchedule,Link,Events_Contemporary,,Events_Contemporary/BerlinEvenstsSchedule.html,https://drive.google.com/drive/folders/12bO2PhHvhFr5IvVdC4lwEZ8JDulNCE1u?usp=sharing,
Flyer - QueerHealing 2021,Image,Events_Contemporary,,Events_Contemporary/QueerHealingTiergartenFlier_2021.jpg,https://drive.google.com/drive/folders/12bO2PhHvhFr5IvVdC4lwEZ8JDulNCE1u?usp=sharing,
Burglary at the zoo 1980,Image,Events_Crime,,Events_Crime/1980_DocumentaryPhoto_Burglaryatthezoo_2.png,https://drive.google.com/drive/folders/1lGrq8M0ZGxL1jZHRxoLA3Zwd5Oyfhn5e?usp=sharing,
Burglary at the zoo 1980 02,Image,Events_Crime,,Events_Crime/1980_DocumentaryPhoto_Burglaryatthezoo.png,https://drive.google.com/drive/folders/1lGrq8M0ZGxL1jZHRxoLA3Zwd5Oyfhn5e?usp=sharing,
Rave Poster,Image,Events_Music,,Events_Music/Rave_Poster_Date_unknown.png,https://drive.google.com/drive/folders/1dwq-D4iBaU_x66xcSaCsnHAtTTYBX_vV?usp=sharing,
Love Parade,Link,Events_Music,,Events_Music/Love_Parade.webloc,https://drive.google.com/drive/folders/1dwq-D4iBaU_x66xcSaCsnHAtTTYBX_vV?usp=sharing,
Potato Farming 1946,Image,Farming,,Farming/Bettman_Potato Farming_1946.jpeg,https://drive.google.com/drive/folders/1QM9m8lt0AtUSQzSqefYP8J76KaKpgNLy?usp=sharing,
Farming 1946,Image,Farming,,Farming/Violet_Farming_1946.jpg,https://drive.google.com/drive/folders/1QM9m8lt0AtUSQzSqefYP8J76KaKpgNLy?usp=sharing,
Bobby the gorilla,Image,Fauna,,Fauna/Picture_BobbyTheGorilla.jpg,https://drive.google.com/drive/folders/1TLMmgg30Ugl9S9AvCzIN2Y_aPLq7s9MB?usp=sharing,
Exerpt - History of Flora in Berlin,Image,Flora,,Flora/Sukkop_HistoryOfTheFloraOfBerlin.png,https://drive.google.com/drive/folders/1R73BkJE0O383_PhE7v2m1AKJjvg1ALZc?usp=sharing,
History of Flora In Berlin,PDF,Flora,,Flora/Sukkop_HistoryOfTheFloraOfBerlin.pdf,https://drive.google.com/drive/folders/1R73BkJE0O383_PhE7v2m1AKJjvg1ALZc?usp=sharing,
Botanical Garden Website,Link,Flora,,Flora/Website_BotanicalGarden_2021.html,https://drive.google.com/drive/folders/1R73BkJE0O383_PhE7v2m1AKJjvg1ALZc?usp=sharing,
Gorny Hommage A Berlin,Image,Gorny_HommageABerlin_1945,,Gorny_HommageABerlin_1945/HeinGorny_HommageABerlin.jpg,https://drive.google.com/drive/folders/1xZMoTqGNC__P4p9YXW8LG56KXHgKoKyI?usp=sharing,
Gorny Hommage A Berlin ,Image,Gorny_HommageABerlin_1945,,Gorny_HommageABerlin_1945/HeinGorny_HommageABerlin_1945_02.jpg,https://drive.google.com/drive/folders/1xZMoTqGNC__P4p9YXW8LG56KXHgKoKyI?usp=sharing,
Gorny Hommage A Berlin ,Image,Gorny_HommageABerlin_1945,,Gorny_HommageABerlin_1945/HeinGorny_HommageABerlin_1945_03.jpg,https://drive.google.com/drive/folders/1xZMoTqGNC__P4p9YXW8LG56KXHgKoKyI?usp=sharing,
Gorny Hommage A Berlin ,Image,Gorny_HommageABerlin_1946,,Gorny_HommageABerlin_1945/HeinGorny_HommageABerlin_1945_04.jpg,https://drive.google.com/drive/folders/1xZMoTqGNC__P4p9YXW8LG56KXHgKoKyI?usp=sharing,
Guided Walk - Web screenshot,Image,Guided_Tours,,Guided_Tours/Heygo_WalkThroughTheTiergarten.png,https://drive.google.com/drive/folders/1v3Dnj4HwK07ZNWN45wrDlAvFQxmcis-S?usp=sharing,
Guided Walk - Website,Link,Guided_Tours,,Guided_Tours/Heygo_walkThroughTheTiergarten.html,https://drive.google.com/drive/folders/1v3Dnj4HwK07ZNWN45wrDlAvFQxmcis-S?usp=sharing,
1921 Horseback in Tiergarten,Image,HorsebackRiding,,HorsebackRiding/1921_HermannEbel_In Tiergarten.jpeg,https://drive.google.com/drive/folders/1HcMAwjGjbRLQpfafZ62Y37W9hWw_V8qd?usp=sharing,
1822 Ice Skating,Image,IceSkating,,IceSkating/1822_Koller_WinterFunInTheTentsInTiergarten.png,https://drive.google.com/drive/folders/1jzH3Zu88RrfriOQit_1rJRicRrTLcLiQ?usp=sharing,
1909 Ice Skating,Image,IceSkating,,IceSkating/Corinth_IceSkatingRinkInTheTiergarten_1909.png,https://drive.google.com/drive/folders/1jzH3Zu88RrfriOQit_1rJRicRrTLcLiQ?usp=sharing,
Dog On Frozen Lake,Image,IceSkating,,IceSkating/Photo_dogOnFrozenLake_2017.jpeg,https://drive.google.com/drive/folders/1jzH3Zu88RrfriOQit_1rJRicRrTLcLiQ?usp=sharing,
1880 Oedipus On Colonnus,Image,KaiserWilhelmGymnasium,,KaiserWilhelmGymnasium/1880_Hertel_OedipusOnColonnus.png,https://drive.google.com/drive/folders/1O0NI7r1Oz05GnAvADmYVOot1YU6Q7AWO?usp=sharing,
Audio Guide to the Park,Link,Lectures,,Lectures/AudioGuide_Tiergarten_Wowo.webloc,https://drive.google.com/drive/folders/1SECtr6-H0RcSdMoO6f7TM6RNqU8bCM7L?usp=sharing,
Bartoli - Tiergarten Landscape Transgression,Link,Lectures,,Lectures/SandraBartoli_TiergartenLandscapeTransgression.webloc,https://drive.google.com/drive/folders/1SECtr6-H0RcSdMoO6f7TM6RNqU8bCM7L?usp=sharing,
Berlin Love Parade 2006 - Photo,Image,LGBTQEvents,,LGBTQEvents/2006_BerlinLoveParade.png,https://drive.google.com/drive/folders/1Lc1zDLyVk_MJ9dX6u8yAQFrzl0EBwl2L?usp=sharing,
Berlin Love Parade 2006,Link,LGBTQEvents,,LGBTQEvents/2006_BerlinLoveParade.webloc,https://drive.google.com/drive/folders/1Lc1zDLyVk_MJ9dX6u8yAQFrzl0EBwl2L?usp=sharing,
Berlin Love Parade 2006 - Photo,Image,LGBTQEvents,,LGBTQEvents/2006_BerlinLoveParade02.png,https://drive.google.com/drive/folders/1Lc1zDLyVk_MJ9dX6u8yAQFrzl0EBwl2L?usp=sharing,
CSD Berlin 2021,Link,LGBTQEvents,,LGBTQEvents/2021_CSDBerlinPhotos.webloc,https://drive.google.com/drive/folders/1Lc1zDLyVk_MJ9dX6u8yAQFrzl0EBwl2L?usp=sharing,
CSD Berlin 2021 - Speeches,Link,LGBTQEvents,,LGBTQEvents/2021_Speeches_CSDBerlin.webloc,https://drive.google.com/drive/folders/1Lc1zDLyVk_MJ9dX6u8yAQFrzl0EBwl2L?usp=sharing,
Love Parade History,Link,LGBTQEvents,,LGBTQEvents/History_BerlinLoveParade.webloc,https://drive.google.com/drive/folders/1Lc1zDLyVk_MJ9dX6u8yAQFrzl0EBwl2L?usp=sharing,
Calau Luiseninsel,Image,Luiseninsel,,Luiseninsel/1825_Calau_LuiseninselInTheTiergarten.png,https://drive.google.com/drive/folders/13HQd5cTuyuPWkgFhJW5eSrlp-KK4f8aO?usp=sharing,
Gunther Luiseninsel,Image,Luiseninsel,,Luiseninsel/Gunther_Luiseninsel.jpeg,https://drive.google.com/drive/folders/13HQd5cTuyuPWkgFhJW5eSrlp-KK4f8aO?usp=sharing,
Schmidt Luiseninsel,Image,Luiseninsel,,Luiseninsel/Schmidt_Luiseninsel_Tiergarten_1820.jpeg,https://drive.google.com/drive/folders/13HQd5cTuyuPWkgFhJW5eSrlp-KK4f8aO?usp=sharing,
Historic map,Image,Maps_General,,Maps_General/5197_Historic_Maps_Berlin.png,https://drive.google.com/drive/folders/1Uj_KsHQi6KCjVGEjbu4ktRWiHgiZsqVF?usp=sharing,
Berlin Map Unknown,Image,Maps_General,,Maps_General/Berlin_map_unknown.jpg,https://drive.google.com/drive/folders/1Uj_KsHQi6KCjVGEjbu4ktRWiHgiZsqVF?usp=sharing,
Stadtplan,Image,Maps_General,,Maps_General/berlin_stadtplan.jpeg,https://drive.google.com/drive/folders/1Uj_KsHQi6KCjVGEjbu4ktRWiHgiZsqVF?usp=sharing,
Map Unknown,Image,Maps_General,,Maps_General/bsh2.png,https://drive.google.com/drive/folders/1Uj_KsHQi6KCjVGEjbu4ktRWiHgiZsqVF?usp=sharing,
Contemporary Map,Image,Maps_General,,Maps_General/map_contemporary.jpeg,https://drive.google.com/drive/folders/1Uj_KsHQi6KCjVGEjbu4ktRWiHgiZsqVF?usp=sharing,
Tiergarten Tourist Map,Image,Maps_General,,Maps_General/tiergarten_tourist_map.jpeg,https://drive.google.com/drive/folders/1Uj_KsHQi6KCjVGEjbu4ktRWiHgiZsqVF?usp=sharing,
Monument To Queen Luisa 1890,Image,Monuments,,Monuments/1890_Werner_MonumentToQueenLuisa.png,https://drive.google.com/drive/folders/1LJAeURLxR21K7YpJaB4Ofgleppgi3i8w?usp=sharing,
Reichstag And Victory Column,Image,Monuments,,Monuments/1900_ReichstagAndVictoryColumn.jpg,https://drive.google.com/drive/folders/1LJAeURLxR21K7YpJaB4Ofgleppgi3i8w?usp=sharing,
Farmer By Victory Column 1946,Image,Monuments,,Monuments/Curlis_1946_FarmerByVictoryColumn.jpg,https://drive.google.com/drive/folders/1LJAeURLxR21K7YpJaB4Ofgleppgi3i8w?usp=sharing,
Keith Harring - Boxers 1987,Image,Monuments,,Monuments/KeithHarring_1987_Boxers.jpg,https://drive.google.com/drive/folders/1LJAeURLxR21K7YpJaB4Ofgleppgi3i8w?usp=sharing,
Lenne - Zoological Garden Memorial,Image,Monuments,,Monuments/PeterLenne_ZoologicalGardenMemorial.png,https://drive.google.com/drive/folders/1LJAeURLxR21K7YpJaB4Ofgleppgi3i8w?usp=sharing,
Skeleton Of An Elk,Image,OrganicMatter,,OrganicMatter/10700BC_SkeletonOfAnElk.jpeg,https://drive.google.com/drive/folders/1p3kdtFFOHJuiA_9zIrXa8hnZILMg15B0?usp=sharing,
Tiergarten Homeless Encampment,Image,People,,People/TheLocal_TiergartenHomelessEncampment_2017.jpg,https://drive.google.com/drive/folders/1u0yb7reMF_jvLh-8BamgqHTjbL4bPvHD?usp=sharing,
Reagan - Speech at the Brandenburg Gate,Link,Political,,Political/1987_Reagan_Speech at the Brandenburg Gate.webloc,https://drive.google.com/drive/folders/1Z21RTl5jarKgJDfSS8N1LEvZmvUYW_5P?usp=sharing,
Green Area Speech 1997,Link,Political,,Political/1997_GreenAreaAct_Grünanlagengesetz.webloc,https://drive.google.com/drive/folders/1Z21RTl5jarKgJDfSS8N1LEvZmvUYW_5P?usp=sharing,
Siegesaule,Image,Photographs,,Photographs/1024px-Berlijn_tiergarten_siegesaule.jpeg,https://drive.google.com/drive/folders/1y2OGEFpwysf1iohXi3qwln1qWrFUS-Af?usp=sharing,
In den Zelten,Image,Photographs,,Photographs/1920px-Berlin_In_den_Zelten.jpeg,https://drive.google.com/drive/folders/1y2OGEFpwysf1iohXi3qwln1qWrFUS-Af?usp=sharing,
Siegessäule 1884,Image,Photographs,,Photographs/1920px-Berlin_stadtansicht_von_siegessäule_vor_1884.jpeg,https://drive.google.com/drive/folders/1y2OGEFpwysf1iohXi3qwln1qWrFUS-Af?usp=sharing,
Tiergarten Photo,Image,Photographs,,Photographs/1920px-Berlin_Tiergarten2.jpeg,https://drive.google.com/drive/folders/1y2OGEFpwysf1iohXi3qwln1qWrFUS-Af?usp=sharing,
Tiergarten Photo,Image,Photographs,,Photographs/1920px-Berlin_Tiergarten4.jpeg,https://drive.google.com/drive/folders/1y2OGEFpwysf1iohXi3qwln1qWrFUS-Af?usp=sharing,
Tiergarten Photo,Image,Photographs,,Photographs/1920px-Bln_Tiergtn8.jpeg,https://drive.google.com/drive/folders/1y2OGEFpwysf1iohXi3qwln1qWrFUS-Af?usp=sharing,
Tiergarten Photo,Image,Photographs,,Photographs/1920px-Bln_Tiergtn9.jpeg,https://drive.google.com/drive/folders/1y2OGEFpwysf1iohXi3qwln1qWrFUS-Af?usp=sharing,
Diana statue 1879,Image,Photographs,,Photographs/1920px-Diana_statue_in_the_Tiergarten_Berlin_1879.jpeg,https://drive.google.com/drive/folders/1y2OGEFpwysf1iohXi3qwln1qWrFUS-Af?usp=sharing,
Frederick William III memorial,Image,Photographs,,Photographs/1920px-Frederick_William_III_memorial_Berlin_1879.jpeg,https://drive.google.com/drive/folders/1y2OGEFpwysf1iohXi3qwln1qWrFUS-Af?usp=sharing,
Rousseauinsel,Image,Photographs,,Photographs/1920px-Rousseauinsel_im_Tiergarten_Berlin_1879.jpeg,https://drive.google.com/drive/folders/1y2OGEFpwysf1iohXi3qwln1qWrFUS-Af?usp=sharing,
Siegessaeule,Image,Photographs,,Photographs/1920px-Siegessaeule_Aussicht_10-13_img4_Tiergarten.jpeg,https://drive.google.com/drive/folders/1y2OGEFpwysf1iohXi3qwln1qWrFUS-Af?usp=sharing,
Tennis Court in 1900,Image,Photographs,,Photographs/1920px-Tennis_court_in_the_Tiergarten_Berlin_1900.jpeg,https://drive.google.com/drive/folders/1y2OGEFpwysf1iohXi3qwln1qWrFUS-Af?usp=sharing,
Tiergarten View,Image,Photographs,,Photographs/1920px-TiergartenView.jpeg,https://drive.google.com/drive/folders/1y2OGEFpwysf1iohXi3qwln1qWrFUS-Af?usp=sharing,
Wrangelbrunnen,Image,Photographs,,Photographs/1920px-Wrangelbrunnen_Berlin_1879.jpeg,https://drive.google.com/drive/folders/1y2OGEFpwysf1iohXi3qwln1qWrFUS-Af?usp=sharing,
Tiergarten Photo,Image,Photographs,,Photographs/Bln_Tiergtn6.jpeg,https://drive.google.com/drive/folders/1y2OGEFpwysf1iohXi3qwln1qWrFUS-Af?usp=sharing,
Bundesarchiv,Image,Photographs,,Photographs/Bundesarchiv_Bild_183-M1015-315_Berlin__Bad__im_Tiergarten.jpeg,https://drive.google.com/drive/folders/1y2OGEFpwysf1iohXi3qwln1qWrFUS-Af?usp=sharing,
Bundesarchiv Parzellen,Image,Photographs,,Photographs/Bundesarchiv_Bild_183-M1015-316_Berlin_Parzellen_im_Tiergarten.jpeg,https://drive.google.com/drive/folders/1y2OGEFpwysf1iohXi3qwln1qWrFUS-Af?usp=sharing,
Carillon,Image,Photographs,,Photographs/Carillon_Berlin_Tiergarten_2.jpeg,https://drive.google.com/drive/folders/1y2OGEFpwysf1iohXi3qwln1qWrFUS-Af?usp=sharing,
Erdmann - Luise Statue,Image,Photographs,,Photographs/Erdmann_Encke-Königin_Luise.jpeg,https://drive.google.com/drive/folders/1y2OGEFpwysf1iohXi3qwln1qWrFUS-Af?usp=sharing,
Fritz - Goethe Statue,Image,Photographs,,Photographs/Fritz_Schaper-Goethe-Berlin.jpeg,https://drive.google.com/drive/folders/1y2OGEFpwysf1iohXi3qwln1qWrFUS-Af?usp=sharing,
Kongreßhalle,Image,Photographs,,Photographs/Kongreßhalle_Berlin_02a.jpeg,https://drive.google.com/drive/folders/1y2OGEFpwysf1iohXi3qwln1qWrFUS-Af?usp=sharing,
Kongreßhalle,Image,Photographs,,Photographs/Kongreßhalle_Berlin_03a.jpeg,https://drive.google.com/drive/folders/1y2OGEFpwysf1iohXi3qwln1qWrFUS-Af?usp=sharing,
Lennéstraße,Image,Photographs,,Photographs/Lennéstraße_Berlin_1879.jpeg,https://drive.google.com/drive/folders/1y2OGEFpwysf1iohXi3qwln1qWrFUS-Af?usp=sharing,
1698 Plan,Image,Plans,,Plans/1024px-Plan_Tiergarten_Berlin_1698.jpeg,https://drive.google.com/drive/folders/1yFN1JiYvXFnTkspJVBzj4rIUOBnLkmzZ?usp=sharing,
Unknown Plan,Image,Plans,,Plans/download.jpeg,https://drive.google.com/drive/folders/1yFN1JiYvXFnTkspJVBzj4rIUOBnLkmzZ?usp=sharing,
Plan 1765,Image,Plans,,Plans/PlanThiergartens_1765.jpeg,https://drive.google.com/drive/folders/1yFN1JiYvXFnTkspJVBzj4rIUOBnLkmzZ?usp=sharing,
Plan 1743,Image,Plans,,Plans/Plan_Tiergarten_Berlin_1743.jpeg,https://drive.google.com/drive/folders/1yFN1JiYvXFnTkspJVBzj4rIUOBnLkmzZ?usp=sharing,
Plan 1793,Image,Plans,,Plans/Plan_Tiergarten_Berlin_1793.jpeg,https://drive.google.com/drive/folders/1yFN1JiYvXFnTkspJVBzj4rIUOBnLkmzZ?usp=sharing,
Plan 1837,Image,Plans,,Plans/Plan-of-Tiergarten-by-Lenne-1837.png,https://drive.google.com/drive/folders/1yFN1JiYvXFnTkspJVBzj4rIUOBnLkmzZ?usp=sharing,
Plan 1765,Image,Plans,,Plans/thiergarten_vor_berlin_1765.jpeg,https://drive.google.com/drive/folders/1yFN1JiYvXFnTkspJVBzj4rIUOBnLkmzZ?usp=sharing,
Plan 1656,Image,Plans,,Plans/tiergarten_1656.jpeg,https://drive.google.com/drive/folders/1yFN1JiYvXFnTkspJVBzj4rIUOBnLkmzZ?usp=sharing,
Plan 1833,Image,Plans,,Plans/Tiergarten_1833.jpeg,https://drive.google.com/drive/folders/1yFN1JiYvXFnTkspJVBzj4rIUOBnLkmzZ?usp=sharing,
Plan Lenne,Image,Plans,,Plans/tiergarten_lenne.jpeg,https://drive.google.com/drive/folders/1yFN1JiYvXFnTkspJVBzj4rIUOBnLkmzZ?usp=sharing,
Plan 1835,Image,Plans,,Plans/Tiergarten-Plan_von_Lenné_1835_02.jpeg,https://drive.google.com/drive/folders/1yFN1JiYvXFnTkspJVBzj4rIUOBnLkmzZ?usp=sharing,
Plan 1835,Image,Plans,,Plans/Tiergarten-Plan_von_Lenné_1835_03.jpeg,https://drive.google.com/drive/folders/1yFN1JiYvXFnTkspJVBzj4rIUOBnLkmzZ?usp=sharing,
Plan 1835,Image,Plans,,Plans/Tiergarten-Plan_von_Lenné_1835_04.jpeg,https://drive.google.com/drive/folders/1yFN1JiYvXFnTkspJVBzj4rIUOBnLkmzZ?usp=sharing,
Plan 1835,Image,Plans,,Plans/Tiergarten-Plan_von_Lenné_1835_06.jpeg,https://drive.google.com/drive/folders/1yFN1JiYvXFnTkspJVBzj4rIUOBnLkmzZ?usp=sharing,
History of the Linden Trees,Link,PlantingSpecies,,PlantingSpecies/HistoryoftheLindenTreeinBelrin.webloc,https://drive.google.com/drive/folders/1WjYwdkXNCgF8VR7QUAe4mewUeEd4Zxnz?usp=sharing,
Urban Forests,PDF,PlantingSpecies,,PlantingSpecies/JEscacena_Urban Forests.pdf,https://drive.google.com/drive/folders/1WjYwdkXNCgF8VR7QUAe4mewUeEd4Zxnz?usp=sharing,
Tree Population Map,Link,PlantingSpecies,,PlantingSpecies/TreePopulationMapbyDistrict.webloc,https://drive.google.com/drive/folders/1WjYwdkXNCgF8VR7QUAe4mewUeEd4Zxnz?usp=sharing,
Septembermorgen,Link,Poems,,Poems/Edward Morike_Septembermorgen_ DerTiergartenBerlinHerbstNotizen.webloc,https://drive.google.com/drive/folders/1mETc8CHbojxJIs1BFNDWTjbZKVcrRzkm?usp=sharing,
Larry Levy,Image,Poems,,Poems/LarryLevy_Tiergarten.png,https://drive.google.com/drive/folders/1mETc8CHbojxJIs1BFNDWTjbZKVcrRzkm?usp=sharing,
Reichstag with Sinti and Roma Memorial,Image,Reichstag,,Reichstag/Photo_ReichstagwithSintiandRomaMemorial.jpeg,https://drive.google.com/drive/folders/1sNw6x3P0zy4dg2eowC-uEqojYCP8pHB-?usp=sharing,
Mini Reichstag,PDF,Reichstag,,Reichstag/AndrewRoth_RussianMilitaryBuildingMini-Reichstag_2017.pdf,https://drive.google.com/drive/folders/1sNw6x3P0zy4dg2eowC-uEqojYCP8pHB-?usp=sharing,
Marathon Spectators Map,Image,Routes,,Routes/BerlinMarathon_SpectatorsMap.jpg,https://drive.google.com/drive/folders/11YSa47vXA0qauO0qvzmCqX5tJM62rHwA?usp=sharing,
Berlin Marathon Route,Image,Routes,,Routes/BerlinMarathonRoute.png,https://drive.google.com/drive/folders/11YSa47vXA0qauO0qvzmCqX5tJM62rHwA?usp=sharing,
Berlin Marathon Route,Link,Routes,,Routes/Route2019_CSDBerlin.webloc,https://drive.google.com/drive/folders/11YSa47vXA0qauO0qvzmCqX5tJM62rHwA?usp=sharing,
Running Map,Image,Routes,,Routes/TiergartenRunningMap.png,https://drive.google.com/drive/folders/11YSa47vXA0qauO0qvzmCqX5tJM62rHwA?usp=sharing,
Tunnel Route,PDF,Routes,,Routes/TiergartenTunnel_BartlettProject.pdf,https://drive.google.com/drive/folders/11YSa47vXA0qauO0qvzmCqX5tJM62rHwA?usp=sharing,
Park Rules,PDF,Rules,,Rules/CityOfBerlin_ParkRules_2021.pdf,https://drive.google.com/drive/folders/1dtu6b-fxhEvZFFFvr9X2AkosEOiEkhI2?usp=sharing,
Sense 8,Link,Sense8,,Sense8/SenseEight.html,https://drive.google.com/drive/folders/1iGmUvxswLt0tiC2WMxdErql0RL9dgS6w?usp=sharing,
List Siegesallee Sculptors,Image,Siegesalle_Statues,,Siegesalle_Statues/ListSiegesalleeSculptors.png,https://drive.google.com/drive/folders/1hZmXToHrYtt-ZpFq6w7MnDKjDh4oS_HQ?usp=sharing,
Article - Kaiser Victory Statues,Link,Siegesalle_Statues,,Siegesalle_Statues/Article_KaiserVictoryStatues_2014.webloc,https://drive.google.com/drive/folders/1hZmXToHrYtt-ZpFq6w7MnDKjDh4oS_HQ?usp=sharing,
Compilation - Siegesalle Statues List,Link,Siegesalle_Statues,,Siegesalle_Statues/Compilation_SiegesalleStatuesList.webloc,https://drive.google.com/drive/folders/1hZmXToHrYtt-ZpFq6w7MnDKjDh4oS_HQ?usp=sharing,
Siegesallee,Link,Siegesalle_Statues,,Siegesalle_Statues/Entry_SiegesalleeOverview.webloc,https://drive.google.com/drive/folders/1hZmXToHrYtt-ZpFq6w7MnDKjDh4oS_HQ?usp=sharing,
Stemmle - Ballad of Berlin,Link,Siegesalle_Statues,,Siegesalle_Statues/NeumannStemmle_BalladofBerlin_berliner_1948.webloc,https://drive.google.com/drive/folders/1hZmXToHrYtt-ZpFq6w7MnDKjDh4oS_HQ?usp=sharing,
1902 Postcard,Image,Siegesalle_Statues,,Siegesalle_Statues/postcard_SiegesalleeinTiergarten_1902.jpeg,https://drive.google.com/drive/folders/1hZmXToHrYtt-ZpFq6w7MnDKjDh4oS_HQ?usp=sharing,
Statues Stereograph 1902,Image,Siegesalle_Statues,,Siegesalle_Statues/stereograph_SiegesalleeStatues_1902.tif,https://drive.google.com/drive/folders/1hZmXToHrYtt-ZpFq6w7MnDKjDh4oS_HQ?usp=sharing,
Statues Stereograph 1900,Image,Siegesalle_Statues,,Siegesalle_Statues/Stereograph_SiegesAlleeThierGarten_1900.png,https://drive.google.com/drive/folders/1hZmXToHrYtt-ZpFq6w7MnDKjDh4oS_HQ?usp=sharing,
Postcard,Image,Siegesallee,,Siegesallee/postcard_SiegesalleeinTiergarten.jpeg,https://drive.google.com/drive/folders/1mB5daUID7cuY66scNH79e_PoorYF675r?usp=sharing,
1902 Siegesalle Plan,Image,Siegesallee,,Siegesallee/Siegesallee_Plan_1902.jpeg,https://drive.google.com/drive/folders/1mB5daUID7cuY66scNH79e_PoorYF675r?usp=sharing,
Sinti and Roma for their Holocaust,Link,SintiAndRomaMemorial,,SintiAndRomaMemorial/LuisavonRichthofen_SintiandRomaFearfortheirHolocaustMemorialinBerlin_2020.webloc,https://drive.google.com/drive/folders/1RAKF6-kpJ8wvGtQEKwts45TBn8hF7_ef?usp=sharing,
Memorial Opening with Merkel,Image,SintiAndRomaMemorial,,SintiAndRomaMemorial/John Macdougall_OpeningofSintiandRomaMemorialwithMerkel_2012.jpeg,https://drive.google.com/drive/folders/1RAKF6-kpJ8wvGtQEKwts45TBn8hF7_ef?usp=sharing,
Dani Karavan,Image,SintiAndRomaMemorial,,SintiAndRomaMemorial/DaniKaravan_MemorialtotheSintiandRomaVictimsofNationalSocialism_2012.jpeg,https://drive.google.com/drive/folders/1RAKF6-kpJ8wvGtQEKwts45TBn8hF7_ef?usp=sharing,
Rufus Wainwright - YouTube,Link,Songs,,Songs/Tiergarten_Rufus Wainwright_YouTube.webloc,https://drive.google.com/drive/folders/1WJLCv0QhXIFmR46GxWkjzPIqms-NZoof?usp=sharing,
Terrorgruppe - Spotify,Link,Songs,,Songs/Terrorgruppe_Tiergarten.webloc,https://drive.google.com/drive/folders/1WJLCv0QhXIFmR46GxWkjzPIqms-NZoof?usp=sharing,
TangerineDream - Spotify,Link,Songs,,Songs/TangerineDream_Tiergarten.webloc,https://drive.google.com/drive/folders/1WJLCv0QhXIFmR46GxWkjzPIqms-NZoof?usp=sharing,
Stromung - Spotify,Link,Songs,,Songs/Stromung_Tiergarten.webloc,https://drive.google.com/drive/folders/1WJLCv0QhXIFmR46GxWkjzPIqms-NZoof?usp=sharing,
MBR - Spotify,Link,Songs,,Songs/MBR_Tiergarten.webloc,https://drive.google.com/drive/folders/1WJLCv0QhXIFmR46GxWkjzPIqms-NZoof?usp=sharing,
ElectroniteProject - Spotify,Link,Songs,,Songs/ElectroniteProject_Tiergarten.webloc,https://drive.google.com/drive/folders/1WJLCv0QhXIFmR46GxWkjzPIqms-NZoof?usp=sharing,
BrassRiot - Spotify,Link,Songs,,Songs/BrassRiot_Tiergarten.webloc,https://drive.google.com/drive/folders/1WJLCv0QhXIFmR46GxWkjzPIqms-NZoof?usp=sharing,
Sounds Of Waterfall - Youtube,Link,Sounds,,Sounds/SoundsOfWaterfall_Youtube.htm,https://drive.google.com/drive/folders/1BN734qN53y32oLxcytak1N3vVaWTC4Dn?usp=sharing,
Site sounds - Soundcloud,Link,Sounds,,Sounds/SoundsOfTheTiergarten_Soundcloud.htm,https://drive.google.com/drive/folders/1BN734qN53y32oLxcytak1N3vVaWTC4Dn?usp=sharing,
Site sounds - Youtube,Link,Sounds,,Sounds/2012_TierparkAnimalsZooAmbience_youtube.htm,https://drive.google.com/drive/folders/1BN734qN53y32oLxcytak1N3vVaWTC4Dn?usp=sharing,
Soviet Memorial 1981,Image,Soviet_Memorial,,Soviet_Memorial/SovietMemorial_1981.jpeg,https://drive.google.com/drive/folders/1LugxagUL8iOG_d7Ui0V6RKLLJPD56R83?usp=sharing,
Public Posting in 2017 from 1945,Image,Soviet_Memorial,,Soviet_Memorial/PublicPosting_Soviet Memorial_2017_1945.jpeg,https://drive.google.com/drive/folders/1LugxagUL8iOG_d7Ui0V6RKLLJPD56R83?usp=sharing,
Public Posting from 1945,Image,Soviet_Memorial,,Soviet_Memorial/PublicPosting_Soviet Memorial_1945.jpeg,https://drive.google.com/drive/folders/1LugxagUL8iOG_d7Ui0V6RKLLJPD56R83?usp=sharing,
Soviet Officers at Memorial 1982,Image,Soviet_Memorial,,Soviet_Memorial/Photo_SovietOfficersatMemorial_1982.jpeg,https://drive.google.com/drive/folders/1LugxagUL8iOG_d7Ui0V6RKLLJPD56R83?usp=sharing,
The Package 1989,Image,Soviet_Memorial,,Soviet_Memorial/Film_thepackage_1989.jpeg,https://drive.google.com/drive/folders/1LugxagUL8iOG_d7Ui0V6RKLLJPD56R83?usp=sharing,
Tree Carving 2015,Image,StandByMe_Trees,,StandByMe_Trees/TreeCarving_StandByMeTrees_2015.jpeg,https://drive.google.com/drive/folders/1WGRIockvxYM682A0bItXFaTNkZY5trxg?usp=sharing,
Stand By Me Trees,Image,StandByMe_Trees,,StandByMe_Trees/Bauch_StandByMeTrees_2021.jpeg,https://drive.google.com/drive/folders/1WGRIockvxYM682A0bItXFaTNkZY5trxg?usp=sharing,
Stand By Me Trees,Image,StandByMe_Trees,,StandByMe_Trees/Bauch_StandByMeTrees_2021_03.jpeg,https://drive.google.com/drive/folders/1WGRIockvxYM682A0bItXFaTNkZY5trxg?usp=sharing,
Stand By Me Trees,Image,StandByMe_Trees,,StandByMe_Trees/Bauch_StandByMeTrees_2021_02.jpeg,https://drive.google.com/drive/folders/1WGRIockvxYM682A0bItXFaTNkZY5trxg?usp=sharing,
Berlin Tourism Statistics,Image,Statistics,,Statistics/Statista_BerlinTouristStatistics_205-2019.png,https://drive.google.com/drive/folders/1q2WyKDYiJvr2r7j2thcS01w0uXpHrBAD?usp=sharing,
Tourism Projected Statistic,Image,Statistics,,Statistics/BerlinTourismProject_TourismStatisticsGeneral_2008-2020.png,https://drive.google.com/drive/folders/1q2WyKDYiJvr2r7j2thcS01w0uXpHrBAD?usp=sharing,
Population Statistic,Image,Statistics,,Statistics/BerlinPopulationStatistic.png,https://drive.google.com/drive/folders/1q2WyKDYiJvr2r7j2thcS01w0uXpHrBAD?usp=sharing,
1768 Tents,Image,Tents,,Tents/1768_Chodowiecki_AttheTentsinBerlinsTiergarten.jpeg,https://drive.google.com/drive/folders/1MXLqSupqavNRrJtC3xcke8LsgVfWKvEw?usp=sharing,
Dachsunds Carriage,Image,Visitors,,Visitors/DachsundsCarriage_2900.jpeg,https://drive.google.com/drive/folders/1DgbeOr0uabMPNaLdhxBQxnMC4a02tbkm?usp=sharing,
Woman in Coat 1921,Image,Visitors,,Visitors/1921_Bresser_PhotographofWomaninCoat.jpeg,https://drive.google.com/drive/folders/1DgbeOr0uabMPNaLdhxBQxnMC4a02tbkm?usp=sharing,
Corinth 1920,Image,Waterways,,Waterways/Corinth_ViewoftheTiergarten_1920.png,https://drive.google.com/drive/folders/1CDmDNLS8mRHGZXEsgqqKqGBR7qIPtr7W?usp=sharing,
Corinth 1908,Image,Waterways,,Waterways/Corinth_DerNeueSeeimBerlinerTiergarten_1908.jpeg,https://drive.google.com/drive/folders/1CDmDNLS8mRHGZXEsgqqKqGBR7qIPtr7W?usp=sharing,
Corinth Zoo 1920,Image,Waterways,,Waterways/Corinth_At the Zoo_1920.jpeg,https://drive.google.com/drive/folders/1CDmDNLS8mRHGZXEsgqqKqGBR7qIPtr7W?usp=sharing,
Paulvorgang 1896,Image,Waterways,,Waterways/1896_Paulvorgang_AutumnEvening.jpeg,https://drive.google.com/drive/folders/1CDmDNLS8mRHGZXEsgqqKqGBR7qIPtr7W?usp=sharing,
WWII Aftermath 1949,Image,WWII,,WWII/PressPhotograph_AerialTiergartenDestruction_1949.jpeg,https://drive.google.com/drive/folders/1QkfCYFseOxzOA659gJylHQDHSABIx0OS?usp=sharing,
Zoo Rubble 1945,Image,Zoo,,Zoo/zooRubble1945.jpg,https://drive.google.com/drive/folders/1HiMX7DO64AdwN8_UrNJjGjbx84CKzHqT?usp=sharing,
Zoo Before The War,Image,Zoo,,Zoo/zooBeforeTheWar.jpg,https://drive.google.com/drive/folders/1HiMX7DO64AdwN8_UrNJjGjbx84CKzHqT?usp=sharing,
Zoo Ad ,Image,Zoo,,Zoo/JuluiusKlinger_ZooAdPicture.jpg,https://drive.google.com/drive/folders/1HiMX7DO64AdwN8_UrNJjGjbx84CKzHqT?usp=sharing,
German Zoo Visits Statistics,Image,Zoo,,Zoo/GermanZooVisits2018.png,https://drive.google.com/drive/folders/1HiMX7DO64AdwN8_UrNJjGjbx84CKzHqT?usp=sharing,
Berlin Zoo Visits Statistics,Image,Zoo,,Zoo/BerlinZooVisits2015_2018.png,https://drive.google.com/drive/folders/1HiMX7DO64AdwN8_UrNJjGjbx84CKzHqT?usp=sharing,
Berlin Zoo Logo,Image,Zoo,,Zoo/BerlinZoo_Logo.jpg,https://drive.google.com/drive/folders/1HiMX7DO64AdwN8_UrNJjGjbx84CKzHqT?usp=sharing,
Anti Aicraft On Zoo Tower,Image,Zoo,,Zoo/AntiAicraftOnZooTower.jpg,https://drive.google.com/drive/folders/1HiMX7DO64AdwN8_UrNJjGjbx84CKzHqT?usp=sharing,
Share Of The Zoo,Image,Zoo,,Zoo/1909_ShareOfTheZoo.jpeg,https://drive.google.com/drive/folders/1HiMX7DO64AdwN8_UrNJjGjbx84CKzHqT?usp=sharing,